IP,First Seen,Last Seen
37.19.220.55,2025-03-13 06:25:43,2025-03-13 06:25:43
37.19.220.13,2025-03-13 06:25:43,2025-03-13 06:25:43
37.19.220.65,2025-03-13 06:25:43,2025-03-13 06:25:43
37.19.220.49,2025-03-13 06:25:43,2025-03-13 06:25:43
37.19.220.40,2025-03-13 06:25:43,2025-03-13 06:25:43
37.19.220.25,2025-03-13 06:25:43,2025-03-13 06:25:43
37.19.220.12,2025-03-13 06:25:43,2025-03-13 06:25:43
37.19.220.67,2025-03-13 06:25:43,2025-03-13 06:25:43
37.19.220.93,2025-03-13 06:25:43,2025-03-13 06:25:43
37.19.220.11,2025-03-13 06:25:43,2025-03-13 06:25:43
37.19.220.62,2025-03-13 06:25:43,2025-03-13 06:25:43
37.19.220.3,2025-03-13 06:25:43,2025-03-13 06:25:43
37.19.220.17,2025-03-13 06:25:43,2025-03-13 06:25:43
37.19.220.2,2025-03-13 06:25:43,2025-03-13 06:25:43
37.19.220.16,2025-03-13 06:25:43,2025-03-13 06:25:43
37.19.220.24,2025-03-13 06:25:43,2025-03-13 06:25:43
37.19.220.100,2025-03-13 06:25:43,2025-03-13 06:25:43
37.19.220.19,2025-03-13 06:25:43,2025-03-13 06:25:43
37.19.220.26,2025-03-13 06:25:43,2025-03-13 06:25:43
37.19.220.89,2025-03-13 06:25:43,2025-03-13 06:25:43
37.19.220.78,2025-03-13 06:25:43,2025-03-13 06:25:43
37.19.220.85,2025-03-13 06:25:43,2025-03-13 06:25:43
37.19.220.42,2025-03-13 06:25:43,2025-03-13 06:25:43
37.19.220.61,2025-03-13 06:25:43,2025-03-13 06:25:43
37.19.220.83,2025-03-13 06:25:43,2025-03-13 06:25:43
37.19.220.32,2025-03-13 06:25:43,2025-03-13 06:25:43
37.19.220.31,2025-03-13 06:25:43,2025-03-13 06:25:43
37.19.220.73,2025-03-13 06:25:43,2025-03-13 06:25:43
37.19.220.45,2025-03-13 06:25:43,2025-03-13 06:25:43
37.19.220.46,2025-03-13 06:25:43,2025-03-13 06:25:43
37.19.220.86,2025-03-13 06:25:43,2025-03-13 06:25:43
37.19.220.39,2025-03-13 06:25:43,2025-03-13 06:25:43
37.19.220.18,2025-03-13 06:25:43,2025-03-13 06:25:43
37.19.220.75,2025-03-13 06:25:43,2025-03-13 06:25:43
37.19.220.68,2025-03-13 06:25:43,2025-03-13 06:25:43
