Subnet,ASN,ASN Organization,Country,First Seen,Last Seen
102.165.16.0/24,174,Cogent Communications,US,2024-11-13 22:10:50,2024-12-25 03:23:10
185.94.190.0/24,9009,M247 Europe SRL,RO,2024-11-13 22:10:50,2024-12-25 03:23:09
181.214.167.0/24,174,Cogent Communications,US,2024-11-13 22:10:50,2024-12-25 03:23:16
173.239.203.0/24,18345,Servers Australia Customers,AU,2024-11-13 22:10:50,2024-12-25 06:25:12
188.241.178.0/24,9009,M247 Europe SRL,RO,2024-11-13 22:10:50,2024-12-25 06:25:12
188.215.235.0/24,9009,M247 Europe SRL,RO,2024-11-13 22:10:50,2024-12-25 06:25:12
146.70.130.0/24,9009,M247 Europe SRL,RO,2024-11-13 22:10:50,2024-12-24 15:20:17
86.106.74.0/24,9009,M247 Europe SRL,RO,2024-11-13 22:10:50,2024-12-25 06:25:06
173.244.58.0/24,212238,Datacamp Limited,GB,2024-11-13 22:10:50,2024-12-25 06:25:10
188.241.177.0/24,9009,M247 Europe SRL,RO,2024-11-13 22:10:50,2024-12-25 06:25:08
95.181.236.0/24,9009,M247 Europe SRL,RO,2024-11-13 22:10:50,2024-12-25 06:25:09
23.26.220.0/23,212238,Datacamp Limited,GB,2024-11-13 22:10:50,2024-12-25 06:25:10
181.41.206.0/24,174,Cogent Communications,US,2024-11-13 22:10:51,2024-12-25 06:25:10
185.253.160.0/24,9009,M247 Europe SRL,RO,2024-11-13 22:10:51,2024-12-25 06:25:13
212.102.39.0/24,212238,Datacamp Limited,GB,2024-11-13 22:10:51,2024-12-25 06:25:12
191.96.36.0/24,174,Cogent Communications,US,2024-11-13 22:10:51,2024-12-24 21:19:34
98.159.234.0/24,212238,Datacamp Limited,GB,2024-11-13 22:10:51,2024-12-25 06:25:11
102.129.145.0/24,174,Cogent Communications,US,2024-11-13 22:10:51,2024-12-25 06:25:06
181.214.94.0/24,174,Cogent Communications,US,2024-11-13 22:10:51,2024-12-25 03:23:12
146.70.102.0/24,9009,M247 Europe SRL,RO,2024-11-13 22:10:51,2024-12-25 06:25:10
179.61.228.0/24,45671,Servers Australia,AU,2024-11-13 22:10:51,2024-12-25 06:25:10
172.98.87.0/24,46562,Performive LLC,US,2024-11-13 22:10:51,2024-12-25 01:01:59
173.244.49.0/24,137409,GSL Networks Pty LTD,AU,2024-11-13 22:10:52,2024-12-25 06:25:09
188.213.34.0/24,9009,M247 Europe SRL,RO,2024-11-13 22:10:52,2024-12-25 06:25:07
95.181.239.0/24,9009,M247 Europe SRL,RO,2024-11-13 22:10:52,2024-12-25 06:25:10
191.101.61.0/24,174,Cogent Communications,US,2024-11-13 22:10:52,2024-12-25 06:25:11
91.90.122.0/24,9009,M247 Europe SRL,RO,2024-11-13 22:10:52,2024-12-25 06:25:08
165.231.182.0/24,58065,Orion Network Limited,GB,2024-11-13 22:10:52,2024-12-25 06:25:12
191.96.106.0/24,174,Cogent Communications,US,2024-11-13 22:10:52,2024-12-25 06:25:11
91.90.120.0/24,9009,M247 Europe SRL,RO,2024-11-13 22:10:52,2024-12-25 06:25:05
86.107.104.0/24,9009,M247 Europe SRL,RO,2024-11-13 22:10:52,2024-12-25 06:25:09
77.81.142.0/24,9009,M247 Europe SRL,RO,2024-11-13 22:10:52,2024-12-25 06:25:12
91.90.126.0/24,9009,M247 Europe SRL,RO,2024-11-13 22:10:53,2024-12-25 06:25:08
156.146.57.0/24,212238,Datacamp Limited,GB,2024-11-13 22:10:53,2024-12-25 06:25:07
212.102.35.0/24,212238,Datacamp Limited,GB,2024-11-13 22:10:53,2024-12-25 06:25:09
217.138.193.0/24,9009,M247 Europe SRL,RO,2024-11-13 22:10:53,2024-12-25 06:25:07
185.225.31.0/24,205119,TELEKS DOOEL Skopje,MK,2024-11-13 22:10:53,2024-12-25 06:25:07
95.181.237.0/24,9009,M247 Europe SRL,RO,2024-11-13 22:10:53,2024-12-25 06:25:10
181.214.199.0/24,18345,Servers Australia Customers,AU,2024-11-13 22:10:53,2024-12-24 18:22:49
191.96.227.0/24,174,Cogent Communications,US,2024-11-13 22:10:53,2024-12-25 06:25:09
156.146.62.0/24,212238,Datacamp Limited,GB,2024-11-13 22:10:53,2024-12-25 01:02:02
37.46.115.0/24,51430,AltusHost B.V.,NL,2024-11-13 22:10:53,2024-12-25 06:25:12
181.214.173.0/24,174,Cogent Communications,US,2024-11-13 22:10:54,2024-12-25 01:02:00
154.16.81.0/24,18345,Servers Australia Customers,AU,2024-11-13 22:10:54,2024-12-25 06:25:07
181.214.164.0/24,174,Cogent Communications,US,2024-11-13 22:10:54,2024-12-25 03:23:15
138.199.39.0/24,212238,Datacamp Limited,GB,2024-11-13 22:10:54,2024-12-25 01:02:04
102.129.152.0/24,174,Cogent Communications,US,2024-11-13 22:10:54,2024-12-25 06:25:08
45.133.192.0/23,206804,EstNOC OY,EE,2024-11-13 22:10:54,2024-12-25 06:25:10
156.146.63.0/24,212238,Datacamp Limited,GB,2024-11-13 22:10:54,2024-12-25 03:23:11
138.199.59.0/24,212238,Datacamp Limited,GB,2024-11-13 22:10:54,2024-12-25 06:25:08
84.252.92.0/24,9009,M247 Europe SRL,RO,2024-11-13 22:10:54,2024-12-25 06:25:11
184.170.252.0/24,46562,Performive LLC,US,2024-11-13 22:10:54,2024-12-25 03:23:15
188.126.64.0/19,42708,GleSYS AB,SE,2024-11-13 22:10:54,2024-12-25 06:25:13
188.241.80.0/24,9009,M247 Europe SRL,RO,2024-11-13 22:10:55,2024-12-25 06:25:09
95.181.235.0/24,9009,M247 Europe SRL,RO,2024-11-13 22:10:55,2024-12-25 06:25:06
37.46.113.0/24,51430,AltusHost B.V.,NL,2024-11-13 22:10:55,2024-12-25 06:25:11
181.215.176.0/24,174,Cogent Communications,US,2024-11-13 22:10:55,2024-12-25 03:23:14
179.61.240.0/24,45671,Servers Australia,AU,2024-11-13 22:10:55,2024-12-25 06:25:13
146.70.59.0/24,9009,M247 Europe SRL,RO,2024-11-13 22:10:55,2024-12-25 06:25:12
191.101.157.0/24,174,Cogent Communications,US,2024-11-13 22:10:55,2024-12-25 06:25:08
173.239.226.0/24,212238,Datacamp Limited,GB,2024-11-13 22:10:55,2024-12-24 21:19:36
181.214.153.0/24,174,Cogent Communications,US,2024-11-13 22:10:55,2024-12-25 06:25:13
212.102.49.0/24,212238,Datacamp Limited,GB,2024-11-13 22:10:55,2024-12-25 06:25:11
89.149.52.0/24,3257,GTT Communications Inc.,US,2024-11-13 22:10:55,2024-12-25 01:02:06
149.102.232.0/24,212238,Datacamp Limited,GB,2024-11-13 22:10:56,2024-12-25 06:25:07
185.225.28.0/24,205119,TELEKS DOOEL Skopje,MK,2024-11-13 22:10:56,2024-12-25 06:25:12
196.196.53.0/24,41564,Orion Network Limited,GB,2024-11-13 22:10:56,2024-12-25 06:25:12
143.244.41.0/24,212238,Datacamp Limited,GB,2024-11-13 22:10:56,2024-12-25 03:23:10
176.125.230.0/24,9009,M247 Europe SRL,RO,2024-11-13 22:10:56,2024-12-25 06:25:09
102.129.235.0/24,174,Cogent Communications,US,2024-11-13 22:10:56,2024-12-25 06:25:09
178.175.128.0/20,43289,Trabia SRL,MD,2024-11-13 22:10:56,2024-12-25 06:25:12
95.181.238.0/24,9009,M247 Europe SRL,RO,2024-11-13 22:10:56,2024-12-25 06:25:07
173.239.247.0/24,137409,GSL Networks Pty LTD,AU,2024-11-13 22:10:56,2024-12-25 06:25:11
95.181.233.0/24,9009,M247 Europe SRL,RO,2024-11-13 22:10:56,2024-12-25 06:25:08
154.47.30.0/24,212238,Datacamp Limited,GB,2024-11-13 22:10:56,2024-12-25 06:25:12
102.129.234.0/24,174,Cogent Communications,US,2024-11-13 22:10:56,2024-12-25 06:25:07
169.150.197.0/24,212238,Datacamp Limited,GB,2024-11-13 22:10:56,2024-12-25 03:23:09
212.102.37.0/24,212238,Datacamp Limited,GB,2024-11-13 22:10:56,2024-12-25 06:25:07
156.146.41.0/24,212238,Datacamp Limited,GB,2024-11-13 22:10:56,2024-12-25 06:25:09
188.214.122.0/24,9009,M247 Europe SRL,RO,2024-11-13 22:10:56,2024-12-25 06:25:07
91.90.124.0/24,9009,M247 Europe SRL,RO,2024-11-13 22:10:57,2024-12-25 06:25:10
140.228.21.0/24,174,Cogent Communications,US,2024-11-13 22:10:57,2024-12-25 01:02:03
217.138.192.0/24,9009,M247 Europe SRL,RO,2024-11-13 22:10:57,2024-12-25 06:25:10
191.101.31.0/24,174,Cogent Communications,US,2024-11-13 22:10:57,2024-12-25 06:25:11
181.214.218.0/24,174,Cogent Communications,US,2024-11-13 22:10:57,2024-12-25 06:25:12
95.181.234.0/24,9009,M247 Europe SRL,RO,2024-11-13 22:10:57,2024-12-25 06:25:06
84.239.42.0/24,212238,Datacamp Limited,GB,2024-11-13 22:10:57,2024-12-25 06:25:10
102.129.232.0/24,174,Cogent Communications,US,2024-11-13 22:10:57,2024-12-25 06:25:11
204.93.149.0/24,174,Cogent Communications,US,2024-11-13 22:10:57,2024-12-25 06:25:07
46.246.0.0/17,42708,GleSYS AB,SE,2024-11-13 22:10:57,2024-12-25 06:25:12
143.244.52.0/22,212238,Datacamp Limited,GB,2024-11-13 22:10:57,2024-12-25 06:25:11
191.96.67.0/24,212238,Datacamp Limited,GB,2024-11-13 22:10:57,2024-12-25 06:25:09
149.88.26.0/24,212238,Datacamp Limited,GB,2024-11-13 22:10:57,2024-12-25 06:25:05
195.146.6.0/24,201924,ENAHOST s.r.o.,SK,2024-11-13 22:10:57,2024-12-25 06:25:12
149.22.87.0/24,212238,Datacamp Limited,GB,2024-11-13 22:10:57,2024-12-25 06:25:11
194.110.13.0/24,174,Cogent Communications,US,2024-11-13 22:10:57,2024-12-24 09:20:27
195.146.4.0/24,201924,ENAHOST s.r.o.,SK,2024-11-13 22:10:57,2024-12-25 06:25:09
191.96.103.0/24,174,Cogent Communications,US,2024-11-13 22:10:57,2024-12-25 03:23:16
62.133.47.0/24,9009,M247 Europe SRL,RO,2024-11-13 22:10:57,2024-12-25 06:25:09
194.32.122.0/24,61272,"Informacines sistemos ir technologijos, UAB",LT,2024-11-13 22:10:57,2024-12-25 06:25:06
64.64.112.0/24,137409,GSL Networks Pty LTD,AU,2024-11-13 22:10:57,2024-12-25 06:25:07
146.70.38.0/24,9009,M247 Europe SRL,RO,2024-11-13 22:10:58,2024-12-25 06:25:07
173.239.217.0/24,137409,GSL Networks Pty LTD,AU,2024-11-13 22:10:58,2024-12-25 06:25:08
138.199.18.0/23,212238,Datacamp Limited,GB,2024-11-13 22:10:58,2024-12-25 06:25:12
176.125.228.0/24,9009,M247 Europe SRL,RO,2024-11-13 22:10:58,2024-12-25 06:25:11
181.214.165.0/24,174,Cogent Communications,US,2024-11-13 22:10:58,2024-12-25 03:23:13
84.247.105.0/24,3257,GTT Communications Inc.,US,2024-11-13 22:10:58,2024-12-25 01:02:02
31.171.154.0/24,197706,Keminet SHPK,AL,2024-11-13 22:10:58,2024-12-25 06:25:08
188.214.125.0/24,9009,M247 Europe SRL,RO,2024-11-13 22:10:58,2024-12-25 06:25:06
45.133.172.0/24,174,Cogent Communications,US,2024-11-13 22:10:58,2024-12-25 06:25:10
146.70.65.0/24,9009,M247 Europe SRL,RO,2024-11-13 22:10:58,2024-12-25 06:25:06
181.215.182.0/24,174,Cogent Communications,US,2024-11-13 22:10:58,2024-12-25 06:25:06
149.50.218.0/24,212238,Datacamp Limited,GB,2024-11-13 22:10:58,2024-12-25 06:25:08
149.34.242.0/23,212238,Datacamp Limited,GB,2024-11-13 22:10:58,2024-12-25 01:01:59
107.181.184.0/24,46562,Performive LLC,US,2024-11-13 22:10:59,2024-12-24 06:24:22
176.125.229.0/24,9009,M247 Europe SRL,RO,2024-11-13 22:10:59,2024-12-25 06:25:11
5.182.110.0/24,174,Cogent Communications,US,2024-11-13 22:10:59,2024-12-25 06:25:06
94.156.14.0/24,212238,Datacamp Limited,GB,2024-11-13 22:10:59,2024-12-25 06:25:12
185.253.162.0/24,9009,M247 Europe SRL,RO,2024-11-13 22:10:59,2024-12-25 06:25:12
95.181.232.0/24,9009,M247 Europe SRL,RO,2024-11-13 22:10:59,2024-12-25 06:25:11
156.146.60.0/24,212238,Datacamp Limited,GB,2024-11-13 22:10:59,2024-12-25 06:25:08
45.133.173.0/24,174,Cogent Communications,US,2024-11-14 00:59:46,2024-12-25 06:25:12
143.244.36.0/22,60068,Datacamp Limited (CDN77 / DataPacket),GB,2024-11-14 00:59:48,2024-12-25 01:02:04
191.96.150.0/24,174,Cogent Communications,US,2024-11-14 00:59:48,2024-12-25 01:02:07
102.129.252.0/24,174,Cogent Communications,US,2024-11-14 00:59:51,2024-12-25 06:25:11
143.244.34.0/24,212238,Datacamp Limited,GB,2024-11-14 00:59:51,2024-12-24 15:20:16
179.61.197.0/24,174,Cogent Communications,US,2024-11-14 00:59:52,2024-12-25 06:25:08
149.36.49.0/24,212238,Datacamp Limited,GB,2024-11-14 00:59:53,2024-12-25 06:25:06
212.102.63.0/24,60068,Datacamp Limited (CDN77 / DataPacket),GB,2024-11-14 00:59:53,2024-12-24 21:19:31
149.22.90.0/24,212238,Datacamp Limited,GB,2024-11-14 00:59:54,2024-12-25 06:25:10
181.41.202.0/24,174,Cogent Communications,US,2024-11-14 00:59:54,2024-12-25 06:25:06
154.16.105.0/24,174,Cogent Communications,US,2024-11-14 00:59:54,2024-12-25 03:23:14
173.239.194.0/24,18345,Servers Australia Customers,AU,2024-11-14 00:59:55,2024-12-25 06:25:10
191.96.37.0/24,174,Cogent Communications,US,2024-11-14 00:59:56,2024-12-25 06:25:09
195.181.167.0/24,60068,Datacamp Limited (CDN77 / DataPacket),GB,2024-11-14 00:59:58,2024-12-24 00:59:27
191.101.210.0/24,18345,Servers Australia Customers,AU,2024-11-14 00:59:58,2024-12-25 06:25:11
212.102.57.0/24,212238,Datacamp Limited,GB,2024-11-14 01:00:01,2024-12-25 03:23:11
191.101.209.0/24,3257,GTT Communications Inc.,US,2024-11-14 01:00:03,2024-12-18 06:25:40
89.187.168.0/24,60068,Datacamp Limited (CDN77 / DataPacket),GB,2024-11-14 01:00:03,2024-12-24 00:59:26
216.24.216.0/24,174,Cogent Communications,US,2024-11-14 01:00:03,2024-12-24 15:20:21
191.96.255.0/24,174,Cogent Communications,US,2024-11-14 01:00:04,2024-12-25 03:23:10
102.129.153.0/24,174,Cogent Communications,US,2024-11-14 01:00:05,2024-12-25 06:25:09
181.214.166.0/24,174,Cogent Communications,US,2024-11-14 01:00:05,2024-12-25 06:25:11
212.112.0.0/19,42708,GleSYS AB,SE,2024-11-14 01:00:05,2024-12-25 06:25:10
154.16.192.0/24,174,Cogent Communications,US,2024-11-14 01:00:06,2024-12-25 03:23:12
173.244.56.0/24,137409,GSL Networks Pty LTD,AU,2024-11-14 01:00:06,2024-12-25 06:25:07
79.142.79.0/24,51430,AltusHost B.V.,NL,2024-11-14 01:00:07,2024-12-25 06:25:12
138.199.24.0/23,60068,Datacamp Limited (CDN77 / DataPacket),GB,2024-11-14 01:00:08,2024-12-25 03:23:10
181.214.93.0/24,174,Cogent Communications,US,2024-11-14 03:25:55,2024-11-22 06:26:29
37.19.196.0/23,212238,Datacamp Limited,GB,2024-11-14 03:25:56,2024-12-25 06:25:06
193.239.84.0/24,9009,M247 Europe SRL,RO,2024-11-14 03:25:58,2024-12-25 03:23:14
191.101.217.0/24,174,Cogent Communications,US,2024-11-14 03:26:00,2024-12-25 06:25:07
178.249.214.0/24,212238,Datacamp Limited,GB,2024-11-14 03:26:00,2024-12-24 09:20:19
212.102.46.0/24,60068,Datacamp Limited (CDN77 / DataPacket),GB,2024-11-14 03:26:02,2024-12-25 06:25:09
156.146.48.0/24,212238,Datacamp Limited,GB,2024-11-14 03:26:02,2024-12-25 06:25:06
45.88.97.0/24,174,Cogent Communications,US,2024-11-14 03:26:04,2024-12-25 06:25:08
37.19.210.0/24,212238,Datacamp Limited,GB,2024-11-14 03:26:06,2024-12-25 01:02:05
79.127.132.0/24,212238,Datacamp Limited,GB,2024-11-14 06:25:31,2024-12-24 12:30:42
216.24.213.0/24,174,Cogent Communications,US,2024-11-14 06:25:32,2024-12-25 01:02:05
37.19.198.0/23,212238,Datacamp Limited,GB,2024-11-14 06:25:33,2024-12-25 06:25:10
84.17.44.0/23,60068,Datacamp Limited (CDN77 / DataPacket),GB,2024-11-14 06:25:34,2024-12-25 01:02:02
146.70.98.0/24,9009,M247 Europe SRL,RO,2024-11-14 06:25:36,2024-12-25 06:25:06
37.120.205.0/24,9009,M247 Europe SRL,RO,2024-11-14 06:25:36,2024-12-25 03:23:15
181.214.206.0/24,3257,GTT Communications Inc.,US,2024-11-14 06:25:38,2024-12-24 15:20:19
138.199.28.0/23,212238,Datacamp Limited,GB,2024-11-14 06:25:38,2024-12-25 06:25:08
156.146.46.0/23,212238,Datacamp Limited,GB,2024-11-14 06:25:39,2024-12-24 00:59:19
195.181.170.0/24,60068,Datacamp Limited (CDN77 / DataPacket),GB,2024-11-14 06:25:39,2024-12-24 18:22:51
193.56.252.0/24,9009,M247 Europe SRL,RO,2024-11-14 06:25:40,2024-12-25 01:02:00
195.78.54.0/24,174,Cogent Communications,US,2024-11-14 06:25:40,2024-12-24 21:19:25
149.50.212.0/24,212238,Datacamp Limited,GB,2024-11-14 09:21:05,2024-12-24 21:19:29
140.228.24.0/24,174,Cogent Communications,US,2024-11-14 09:21:05,2024-12-25 06:25:07
149.88.97.0/24,212238,Datacamp Limited,GB,2024-11-14 09:21:07,2024-12-25 01:02:01
212.102.58.0/23,60068,Datacamp Limited (CDN77 / DataPacket),GB,2024-11-14 09:21:09,2024-12-24 00:59:18
91.193.6.0/24,9009,M247 Europe SRL,RO,2024-11-14 12:29:12,2024-12-25 03:23:14
37.19.221.0/24,212238,Datacamp Limited,GB,2024-11-14 12:29:14,2024-12-25 06:25:08
184.170.242.0/24,46562,Performive LLC,US,2024-11-14 12:29:16,2024-12-24 18:22:57
212.102.38.0/24,60068,Datacamp Limited (CDN77 / DataPacket),GB,2024-11-14 18:25:27,2024-12-24 12:30:42
212.102.36.0/24,60068,Datacamp Limited (CDN77 / DataPacket),GB,2024-11-14 18:25:27,2024-12-25 03:23:15
143.244.48.0/22,60068,Datacamp Limited (CDN77 / DataPacket),GB,2024-11-14 18:25:34,2024-12-25 06:25:09
117.120.8.0/21,45671,Servers Australia,AU,2024-11-14 18:25:40,2024-12-25 01:02:00
154.47.27.0/24,212238,Datacamp Limited,GB,2024-11-14 21:20:39,2024-12-24 18:22:52
156.146.39.0/24,212238,Datacamp Limited,GB,2024-11-14 21:20:50,2024-12-24 15:20:21
212.102.53.0/24,212238,Datacamp Limited,GB,2024-11-15 06:29:56,2024-12-25 06:25:13
191.96.168.0/24,174,Cogent Communications,US,2024-11-15 09:20:37,2024-12-24 18:22:49
154.47.21.0/24,212238,Datacamp Limited,GB,2024-11-15 21:20:40,2024-12-23 15:20:20
184.170.241.0/24,46562,Performive LLC,US,2024-11-16 01:02:13,2024-12-24 21:19:34
212.102.52.0/24,60068,Datacamp Limited (CDN77 / DataPacket),GB,2024-11-19 09:22:15,2024-12-24 15:20:17
149.50.222.0/24,212238,Datacamp Limited,GB,2024-11-21 09:22:58,2024-12-25 03:23:12
178.175.129.0/24,43289,Trabia SRL,MD,2024-12-02 01:06:02,2024-12-25 06:25:12
46.246.3.0/24,42708,GleSYS AB,SE,2024-12-11 21:21:24,2024-12-11 21:21:24
188.126.94.0/24,42708,GleSYS AB,SE,2024-12-11 21:21:24,2024-12-11 21:21:24
188.126.89.0/24,42708,GleSYS AB,SE,2024-12-11 21:21:24,2024-12-11 21:21:24
45.133.193.0/24,206804,EstNOC OY,EE,2024-12-11 21:21:24,2024-12-11 21:21:24
212.102.59.0/24,60068,Datacamp Limited (CDN77 / DataPacket),GB,2024-12-11 21:21:25,2024-12-11 21:21:25
46.246.122.0/24,42708,GleSYS AB,SE,2024-12-11 21:21:26,2024-12-11 21:21:26
143.244.52.0/24,212238,Datacamp Limited,GB,2024-12-11 21:21:26,2024-12-11 21:21:26
143.244.54.0/24,212238,Datacamp Limited,GB,2024-12-11 21:21:26,2024-12-11 21:21:26
46.246.106.0/24,42708,GleSYS AB,SE,2024-12-11 21:21:28,2024-12-11 21:21:28
23.26.221.0/24,212238,Datacamp Limited,GB,2024-12-11 21:21:28,2024-12-11 21:21:28
178.175.128.0/24,43289,Trabia SRL,MD,2024-12-11 21:21:29,2024-12-11 21:21:29
46.246.8.0/24,42708,GleSYS AB,SE,2024-12-11 21:21:29,2024-12-11 21:21:29
138.199.24.0/24,60068,Datacamp Limited (CDN77 / DataPacket),GB,2024-12-11 21:21:32,2024-12-11 21:21:32
